id;first_name;last_name;contact_designation;email;phone_number;remarks;preferred_time
1;Filiberto;Upton;DISPATCHER;Ida_Sporer@gmail.com;40390;bus India;synthesizing
2;Stone;Nienow;ACCOUNTANT;Mireille.Walker@yahoo.com;3870;Barbados Principal compressing;Product Bedfordshire
3;Wanda;Windler;DISPATCHER;Alford65@yahoo.com;45619;Wooden;Ball blue open architecture
4;Ava;Turcotte;ACCOUNTANT;Idella84@gmail.com;20032;Team-oriented homogeneous Director;reinvent alarm Handcrafted
5;Murphy;VonRueden;OWNER;Maximilian45@yahoo.com;2978;Lead transmit;channels Strategist
6;Jamie;Gutkowski;ACCOUNTANT;Deron.Koepp@yahoo.com;10714;national haptic Tuna;transmit
7;Leilani;VonRueden;DISPATCHER;David.Haley41@gmail.com;22524;navigate Upgradable;e-markets engage
8;Filiberto;Treutel;OWNER;Dell_Marvin11@yahoo.com;3184;invoice Assimilated dynamic;Expanded
9;Harmony;O'Keefe;MANAGER;Maxwell.Jakubowski98@gmail.com;49358;Licensed;Executive
10;Sandra;Smith;MANAGER;Alexandrea12@yahoo.com;54876;Pa'anga Steel Solomon Islands Dollar;cross-media orchestrate
