id;provider_name;issue_date;expiry_date;policy_document;policy_document_content_type;coverage_statement
1;Direct Metal Optimization;2020-01-06;2020-01-06;../fake-data/blob/hipster.png;image/png;transmitting
2;card Points;2020-01-06;2020-01-06;../fake-data/blob/hipster.png;image/png;Shirt Handmade Cotton Car Puerto Rico
3;white platforms Plastic;2020-01-06;2020-01-06;../fake-data/blob/hipster.png;image/png;SSL
4;Lane;2020-01-06;2020-01-06;../fake-data/blob/hipster.png;image/png;alarm
5;SSL;2020-01-06;2020-01-06;../fake-data/blob/hipster.png;image/png;Generic
6;Home Loan Account deposit;2020-01-06;2020-01-06;../fake-data/blob/hipster.png;image/png;orange bypassing regional
7;Sleek;2020-01-06;2020-01-06;../fake-data/blob/hipster.png;image/png;Coordinator Ergonomic
8;Infrastructure SAS;2020-01-06;2020-01-06;../fake-data/blob/hipster.png;image/png;deposit copying Personal Loan Account
9;Somoni mobile;2020-01-06;2020-01-06;../fake-data/blob/hipster.png;image/png;Dynamic payment
10;schemas Centers Manager;2020-01-06;2020-01-06;../fake-data/blob/hipster.png;image/png;web services
