id;address;street_address;city;state_province;country;postal_code;latitude;longitude
1;Secured productize;schemas;Octaviafurt;olive Ghana Games;CANADA;Savings Account cross-platform Colombia;5581;77939
2;Berkshire;feed generating Liaison;Veumfort;connecting;CANADA;Legacy harness port;79837;78165
3;District;Bike parse;D'Amoreton;Bedfordshire;USA;Investor;13244;20551
4;Steel SCSI;Concrete sky blue;Maximilliahaven;Sports Licensed European Unit of Account 17(E.U.A.-17);USA;Accounts Mali Orchestrator;12092;30459
5;Licensed Fresh Salad;open-source help-desk;South Royce;Illinois Business-focused;MEXICO;Money Market Account;96594;54910
6;Austria;asynchronous invoice;Corkerymouth;impactful infomediaries Martinique;CANADA;synthesize;64603;55826
7;fuchsia Technician;calculating Checking Account;Bartellton;Stream cross-platform;MEXICO;embrace Forward;1055;79391
8;Track Toys West Virginia;infrastructures teal Plastic;Port Nikita;Refined sky blue withdrawal;MEXICO;wireless Tuna withdrawal;54379;64768
9;leading-edge IB;holistic Colorado;West Whitney;Gardens Automotive;CANADA;viral extensible Haven;81351;53546
10;Director turn-key approach;foreground next-generation Automotive;Heidenreichstad;Accounts;CANADA;Ameliorated Refined Plastic Keyboard;87255;48329
